{
  "parent": "fuckezb:root",
  "criteria": {
    "requirement": {
      "trigger": "minecraft:tick",
      "conditions": {
        "player": [
          {
            "condition": "minecraft:entity_scores",
            "entity": "this",
            "scores": {
              "mined.allium": {
                "min": 6
              }
            }
          },
          {
            "condition": "minecraft:entity_properties",
            "entity": "this",
            "predicate": {
              "equipment": {
                "feet": {
                  "nbt": "{task:{name:\"callium\"}}"
                }
              }
            }
          }
        ]
      }
    }
  },
  "rewards": {
    "function": "fuckezb:adv.complete"
  }
}
