{
  "parent": "fuckezb:root",
  "criteria": {
    "requirement": {
      "trigger": "minecraft:tick",
      "conditions": {
        "player": [
          {
            "condition": "minecraft:entity_properties",
            "entity": "this",
            "predicate": {
              "location": {
                "position": {
                  "y": {
                    "max": 64
                  }
                }
              },
              "equipment": {
                "feet": {
                  "nbt": "{task:{name:\"digdown\"}}"
                }
              }
            }
          }
        ]
      }
    }
  },
  "rewards": {
    "function": "fuckezb:adv.complete"
  }
}
