{
  "parent": "fuckezb:root",
  "criteria": {
    "requirement": {
      "trigger": "minecraft:item_used_on_block",
      "conditions": {
        "player": [
          {
            "condition": "minecraft:entity_properties",
            "entity": "this",
            "predicate": {
              "equipment": {
                "feet": {
                  "nbt": "{task:{name:\"plantsapling\"}}"
                }
              }
            }
          }
        ],
        "item": {
          "tag" : "fuckezb:saplings"
        }
      }
    }
  },
  "rewards": {
    "function": "fuckezb:adv.complete"
  }
}
