{
  "parent": "fuckezb:root",
  "criteria": {
    "requirement": {
      "trigger": "minecraft:fall_from_height",
      "conditions": {
        "player": [
          {
            "condition": "minecraft:entity_properties",
            "entity": "this",
            "predicate": {
              "equipment": {
                "feet": {
                  "nbt": "{task:{name:\"fallcliff\"}}"
                }
              }
            }
          }
        ],
        "distance": {
          "absolute": {
            "min": 6
          }
        }
      }
    }
  },
  "rewards": {
    "function": "fuckezb:adv.complete"
  }
}
