{
  "parent": "fuckezb:root",
  "criteria": {
    "requirement": {
      "trigger": "minecraft:tick",
      "conditions": {
        "player": [
          {
            "condition": "minecraft:location_check",
            "predicate": {
              "block": {
                "blocks": [
                  "minecraft:water"
                ]
              }
            }
          },
          {
            "condition": "minecraft:entity_properties",
            "entity": "this",
            "predicate": {
              "equipment": {
                "feet": {
                  "nbt": "{task:{name:\"swim\"}}"
                }
              }
            }
          }
        ]
      }
    }
  },
  "rewards": {
    "function": "fuckezb:adv.complete"
  }
}
