{
  "type": "minecraft:overworld",
  "generator": {
    "type": "minecraft:flat",
    "settings": {
      "biome": "fuckezb:ezbiome",
      "lakes": true,
      "features": true,
      "layers": [
        {
          "block": "minecraft:bedrock",
          "height": 1
        },
        {
          "block": "minecraft:blackstone",
          "height": 64
        },
        {
          "block": "minecraft:stone",
          "height": 123
        },
        {
          "block": "minecraft:dirt",
          "height": 4
        },
        {
          "block": "minecraft:grass_block",
          "height": 1
        }
      ],
      "structure_overrides": [
        "minecraft:strongholds",
        "minecraft:mineshafts",
        "minecraft:swamp_huts"
      ]
    }
  }
}
