{
  "type": "minecraft:random_patch",
  "config": {
    "tries": 96,
    "xz_spread": 7,
    "y_spread": 3,
    "feature": {
      "feature": {
        "type": "minecraft:simple_block",
        "config": {
          "to_place": {
            "type": "minecraft:noise_provider",
            "seed": 0,
            "noise": {
              "firstOctave": -7,
              "amplitudes": [
                1,
                1
              ]
            },
            "scale": 1,
            "states": [
              {
                "Name": "minecraft:raw_gold_block"
              },
              {
                "Name": "minecraft:raw_iron_block"
              }
            ]
          }
        }
      },
      "placement": [
        {
          "type": "minecraft:block_predicate_filter",
          "predicate": {
            "type": "minecraft:all_of",
            "predicates": [
              {
                "type": "minecraft:matching_blocks",
                "blocks": "minecraft:air"
              },
              {
                "type": "minecraft:matching_blocks",
                "offset": [
                  0,
                  -1,
                  0
                ],
                "blocks": "minecraft:grass_block"
              }
            ]
          }
        }
      ]
    }
  }
}
