{
  "type": "minecraft:lake",
  "config": {
    "fluid": {
      "type": "minecraft:simple_state_provider",
      "state": {
        "Name": "minecraft:water",
        "Properties": {
          "level": "0"
        }
      }
    },
    "barrier": {
      "type": "minecraft:noise_provider",
      "seed": 0,
      "noise": {
        "firstOctave": -7,
        "amplitudes": [
          1,
          1
        ]
      },
      "scale": 0.5,
      "states": [
        {
          "Name": "minecraft:sand"
        },
        {
          "Name": "minecraft:gravel"
        },
        {
          "Name": "minecraft:clay"
        }
      ]
    }
  }
}
