{
  "pools": [
    {
      "rolls": 1,
      "entries": [
        {
          "type": "minecraft:item",
          "weight": 35,
          "name": "minecraft:tnt",
          "functions": [
            {
              "function": "minecraft:set_count",
              "count": {
                "min": 2,
                "max": 4
              }
            }
          ]
        },
        {
          "type": "minecraft:item",
          "weight": 5,
          "name": "minecraft:diamond",
          "functions": [
            {
              "function": "minecraft:set_count",
              "count": {
                "min": 2,
                "max": 4
              }
            }
          ]
        },
        {
          "type": "minecraft:item",
          "weight": 30,
          "name": "minecraft:carrot",
          "functions": [
            {
              "function": "minecraft:set_count",
              "count": {
                "min": 1,
                "max": 5
              }
            }
          ]
        },
        {
          "type": "minecraft:group",
          "children": [
            {
              "type": "minecraft:item",
              "weight": 2,
              "name": "minecraft:iron_sword"
            },
            {
              "type": "minecraft:item",
              "weight": 2,
              "name": "minecraft:iron_shovel"
            },
            {
              "type": "minecraft:item",
              "weight": 5,
              "name": "minecraft:iron_pickaxe"
            },
            {
              "type": "minecraft:item",
              "weight": 4,
              "name": "minecraft:iron_axe"
            }
          ]
        }
      ]
    }
  ]
}
